<?xml version="1.0" encoding="UTF-8"?><MD_Metadata xmlns:gts="http://www.isotc211.org/2005/gts" xmlns:gco="http://www.isotc211.org/2005/gco" xmlns:xalan="http://xml.apache.org/xalan" xmlns:srv="http://www.isotc211.org/2005/srv" xmlns:gmx="http://www.isotc211.org/2005/gmx" xmlns:xlink="http://www.w3.org/1999/xlink" xmlns:xsi="http://www.w3.org/2001/XMLSchema-instance" xmlns:gml="http://www.opengis.net/gml" xmlns="http://www.isotc211.org/2005/gmd">
    <characterSet>
        <MD_CharacterSetCode codeList="http://www.isotc211.org/2005/resources/Codelist/gmxCodelists.xml#MD_CharacterSetCode" codeListValue="utf8" codeSpace="ISOTC211/19115">utf8</MD_CharacterSetCode>
    </characterSet>
    <hierarchyLevel>
        <MD_ScopeCode codeList="http://www.isotc211.org/2005/resources/Codelist/gmxCodelists.xml#MD_ScopeCode" codeListValue="dataset" codeSpace="ISOTC211/19115">dataset</MD_ScopeCode>
    </hierarchyLevel>
    <hierarchyLevelName>
        <gco:CharacterString>dataset</gco:CharacterString>
    </hierarchyLevelName>
    <contact gco:nilReason="missing"/>
    <dateStamp gco:nilReason="missing"/>
    <metadataStandardName>
        <gco:CharacterString>ISO 19139 Geographic Information - Metadata - Implementation Specification</gco:CharacterString>
    </metadataStandardName>
    <metadataStandardVersion>
        <gco:CharacterString>2007</gco:CharacterString>
    </metadataStandardVersion>
    <identificationInfo>
        <MD_DataIdentification>
            <citation>
                <CI_Citation>
                    <title>
                        <gco:CharacterString>Map</gco:CharacterString>
                    </title>
                    <date gco:nilReason="missing"/>
                </CI_Citation>
            </citation>
            <abstract>
                <gco:CharacterString>As required by the Dallas City Charter, redistricting of elected official districts is required every ten years based on updated Census information. This feature layer represents the updated city council district boundaries as approved by the Dallas City Council on Jun 27, 2022, effective on May 6, 2023. Boundaries are based upon the 2020 Census Block geography and may not conform with other data. Where street boundaries serve as district borders, the entire right of way is assigned to the northern or eastern boundary. Utilizing this file with non-census shapefiles may result in discrepancies between boundaries. To identify appropriate boundaries, please use the layer in conjunction with the 2020 Census edges and block files.More Information</gco:CharacterString>
            </abstract>
            <purpose>
                <gco:CharacterString>City of Dallas Council Districts Adopted on Jun 27, 2022, Effective (05/06/2023) based on 2020 US Census Block Boundaries</gco:CharacterString>
            </purpose>
            <credit>
                <gco:CharacterString>City of Dallas 2021 Redistricting Team, City GIS Services</gco:CharacterString>
            </credit>
            <descriptiveKeywords>
                <MD_Keywords>
                    <keyword>
                        <gco:CharacterString>Dallas</gco:CharacterString>
                    </keyword>
                    <keyword>
                        <gco:CharacterString>Council Districts</gco:CharacterString>
                    </keyword>
                    <keyword>
                        <gco:CharacterString>Redistricting</gco:CharacterString>
                    </keyword>
                    <keyword>
                        <gco:CharacterString>Council</gco:CharacterString>
                    </keyword>
                    <keyword>
                        <gco:CharacterString>Boundaries</gco:CharacterString>
                    </keyword>
                    <keyword>
                        <gco:CharacterString>2022</gco:CharacterString>
                    </keyword>
                    <keyword>
                        <gco:CharacterString>2023</gco:CharacterString>
                    </keyword>
                </MD_Keywords>
            </descriptiveKeywords>
            <resourceConstraints>
                <MD_Constraints>
                    <useLimitation>
                        <gco:CharacterString>DisclaimerThe accuracy is not to be taken / used as data produced by a Registered Professional Land Surveyor for the State of Texas. For this level of detail, supervision and certification of the produced data by a Registered Land Surveyor for the State of Texas would be required. "This product is for informational purposes and may not have been prepared for or be suitable for legal, engineering, or surveying purposes. It does not represent an on-the-ground survey and represents only the approximate relative location of property boundaries."(Texas Government Code § 2051.102.(https://egis.dallascityhall.com/resources/Documents/COD_DataDisclaimer.pdf)</gco:CharacterString>
                    </useLimitation>
                </MD_Constraints>
            </resourceConstraints>
            <language gco:nilReason="missing"/>
            <characterSet>
                <MD_CharacterSetCode codeList="http://www.isotc211.org/2005/resources/Codelist/gmxCodelists.xml#MD_CharacterSetCode" codeListValue="utf8" codeSpace="ISOTC211/19115">utf8</MD_CharacterSetCode>
            </characterSet>
        </MD_DataIdentification>
    </identificationInfo>
</MD_Metadata>
