<metadata xml:lang="en"><Esri><CreaDate>20250306</CreaDate><CreaTime>16303900</CreaTime><ArcGISFormat>1.0</ArcGISFormat><SyncOnce>FALSE</SyncOnce><DataProperties><lineage><Process ToolSource="c:\program files\arcgis\pro\Resources\ArcToolbox\toolboxes\Data Management Tools.tbx\CreateFeatureclass" Date="20250306" Time="163039">CreateFeatureclass D:\Teaching_Clark\GitRepo\Spring2025\large_file\Statistics\Lab\Lab05\lab05_ArcGISPro\lab05_ArcGISPro.gdb Traffic_Accident_XYTableToPoint Point GPLYR_{8AC5B948-0395-451C-8A95-FBE962DA7310} No No "PROJCS["Lambert_Conformal_Conic",GEOGCS["GCS_North_American_1983",DATUM["D_North_American_1983",SPHEROID["GRS_1980",6378137.0,298.257222101]],PRIMEM["Greenwich",0.0],UNIT["Degree",0.0174532925199433]],PROJECTION["Lambert_Conformal_Conic"],PARAMETER["false_easting",600000.0],PARAMETER["false_northing",2000000.0],PARAMETER["central_meridian",-98.5],PARAMETER["standard_parallel_1",32.13333333333333],PARAMETER["standard_parallel_2",33.96666666666667],PARAMETER["latitude_of_origin",31.66666666666667],UNIT["Meter",1.0]];-37614800 -26250500 117849619.188652;-100000 10000;-100000 10000;0.001;0.001;0.001;IsHighPrecision" # 0 0 0 # "Same as template"</Process><Process ToolSource="c:\program files\arcgis\pro\Resources\ArcToolbox\toolboxes\Data Management Tools.tbx\XYTableToPoint" Date="20250306" Time="163040">XYTableToPoint Traffic_Accident.csv D:\Teaching_Clark\GitRepo\Spring2025\large_file\Statistics\Lab\Lab05\lab05_ArcGISPro\lab05_ArcGISPro.gdb\Traffic_Accident_XYTableToPoint POINT_X POINT_Y # "PROJCS["Lambert_Conformal_Conic",GEOGCS["GCS_North_American_1983",DATUM["D_North_American_1983",SPHEROID["GRS_1980",6378137.0,298.257222101]],PRIMEM["Greenwich",0.0],UNIT["Degree",0.0174532925199433]],PROJECTION["Lambert_Conformal_Conic"],PARAMETER["false_easting",600000.0],PARAMETER["false_northing",2000000.0],PARAMETER["central_meridian",-98.5],PARAMETER["standard_parallel_1",32.13333333333333],PARAMETER["standard_parallel_2",33.96666666666667],PARAMETER["latitude_of_origin",31.66666666666667],UNIT["Meter",1.0]];-37614800 -26250500 117849619.188652;-100000 10000;-100000 10000;0.001;0.001;0.001;IsHighPrecision"</Process><Process ToolSource="c:\program files\arcgis\pro\Resources\ArcToolbox\toolboxes\Conversion Tools.tbx\ExportFeatures" Date="20250306" Time="163615">ExportFeatures D:\Teaching_Clark\GitRepo\Spring2025\large_file\Statistics\Lab\Lab05\lab05_ArcGISPro\lab05_ArcGISPro.gdb\Traffic_Accident_XYTableToPoint D:\Teaching_Clark\GitRepo\Spring2025\large_file\Statistics\Lab\Lab05\Accident_data.shp # USE_ALIAS "id "id" true true false 4 Long 0 0,First,#,D:\Teaching_Clark\GitRepo\Spring2025\large_file\Statistics\Lab\Lab05\lab05_ArcGISPro\lab05_ArcGISPro.gdb\Traffic_Accident_XYTableToPoint,id,-1,-1;date "date" true true false 8 Date 0 0,First,#,D:\Teaching_Clark\GitRepo\Spring2025\large_file\Statistics\Lab\Lab05\lab05_ArcGISPro\lab05_ArcGISPro.gdb\Traffic_Accident_XYTableToPoint,date,-1,-1;accident "accident" true true false 4 Long 0 0,First,#,D:\Teaching_Clark\GitRepo\Spring2025\large_file\Statistics\Lab\Lab05\lab05_ArcGISPro\lab05_ArcGISPro.gdb\Traffic_Accident_XYTableToPoint,accident,-1,-1;hour "hour" true true false 4 Long 0 0,First,#,D:\Teaching_Clark\GitRepo\Spring2025\large_file\Statistics\Lab\Lab05\lab05_ArcGISPro\lab05_ArcGISPro.gdb\Traffic_Accident_XYTableToPoint,hour,-1,-1;day "day" true true false 8000 Text 0 0,First,#,D:\Teaching_Clark\GitRepo\Spring2025\large_file\Statistics\Lab\Lab05\lab05_ArcGISPro\lab05_ArcGISPro.gdb\Traffic_Accident_XYTableToPoint,day,0,7999;NACH_LEN_r "NACH_LEN_r" true true false 8 Double 0 0,First,#,D:\Teaching_Clark\GitRepo\Spring2025\large_file\Statistics\Lab\Lab05\lab05_ArcGISPro\lab05_ArcGISPro.gdb\Traffic_Accident_XYTableToPoint,NACH_LEN_r,-1,-1;NAIN_LEN_r "NAIN_LEN_r" true true false 8 Double 0 0,First,#,D:\Teaching_Clark\GitRepo\Spring2025\large_file\Statistics\Lab\Lab05\lab05_ArcGISPro\lab05_ArcGISPro.gdb\Traffic_Accident_XYTableToPoint,NAIN_LEN_r,-1,-1;F_SYSTEM "F_SYSTEM" true true false 4 Long 0 0,First,#,D:\Teaching_Clark\GitRepo\Spring2025\large_file\Statistics\Lab\Lab05\lab05_ArcGISPro\lab05_ArcGISPro.gdb\Traffic_Accident_XYTableToPoint,F_SYSTEM,-1,-1;road_type "road_type" true true false 8000 Text 0 0,First,#,D:\Teaching_Clark\GitRepo\Spring2025\large_file\Statistics\Lab\Lab05\lab05_ArcGISPro\lab05_ArcGISPro.gdb\Traffic_Accident_XYTableToPoint,road_type,0,7999;intersect "intersect" true true false 8000 Text 0 0,First,#,D:\Teaching_Clark\GitRepo\Spring2025\large_file\Statistics\Lab\Lab05\lab05_ArcGISPro\lab05_ArcGISPro.gdb\Traffic_Accident_XYTableToPoint,intersect,0,7999;NUM_LANES "NUM_LANES" true true false 4 Long 0 0,First,#,D:\Teaching_Clark\GitRepo\Spring2025\large_file\Statistics\Lab\Lab05\lab05_ArcGISPro\lab05_ArcGISPro.gdb\Traffic_Accident_XYTableToPoint,NUM_LANES,-1,-1;POINT_X "POINT_X" true true false 8 Double 0 0,First,#,D:\Teaching_Clark\GitRepo\Spring2025\large_file\Statistics\Lab\Lab05\lab05_ArcGISPro\lab05_ArcGISPro.gdb\Traffic_Accident_XYTableToPoint,POINT_X,-1,-1;POINT_Y "POINT_Y" true true false 8 Double 0 0,First,#,D:\Teaching_Clark\GitRepo\Spring2025\large_file\Statistics\Lab\Lab05\lab05_ArcGISPro\lab05_ArcGISPro.gdb\Traffic_Accident_XYTableToPoint,POINT_Y,-1,-1;wk_hr "wk.hr" true true false 4 Long 0 0,First,#,D:\Teaching_Clark\GitRepo\Spring2025\large_file\Statistics\Lab\Lab05\lab05_ArcGISPro\lab05_ArcGISPro.gdb\Traffic_Accident_XYTableToPoint,wk_hr,-1,-1;lane_width "lane_width" true true false 4 Long 0 0,First,#,D:\Teaching_Clark\GitRepo\Spring2025\large_file\Statistics\Lab\Lab05\lab05_ArcGISPro\lab05_ArcGISPro.gdb\Traffic_Accident_XYTableToPoint,lane_width,-1,-1;PRCP "PRCP" true true false 8 Double 0 0,First,#,D:\Teaching_Clark\GitRepo\Spring2025\large_file\Statistics\Lab\Lab05\lab05_ArcGISPro\lab05_ArcGISPro.gdb\Traffic_Accident_XYTableToPoint,PRCP,-1,-1;TAVG "TAVG" true true false 8 Double 0 0,First,#,D:\Teaching_Clark\GitRepo\Spring2025\large_file\Statistics\Lab\Lab05\lab05_ArcGISPro\lab05_ArcGISPro.gdb\Traffic_Accident_XYTableToPoint,TAVG,-1,-1;TMAX "TMAX" true true false 8 Double 0 0,First,#,D:\Teaching_Clark\GitRepo\Spring2025\large_file\Statistics\Lab\Lab05\lab05_ArcGISPro\lab05_ArcGISPro.gdb\Traffic_Accident_XYTableToPoint,TMAX,-1,-1;TMIN "TMIN" true true false 8 Double 0 0,First,#,D:\Teaching_Clark\GitRepo\Spring2025\large_file\Statistics\Lab\Lab05\lab05_ArcGISPro\lab05_ArcGISPro.gdb\Traffic_Accident_XYTableToPoint,TMIN,-1,-1;BelowFreeze "BelowFreeze" true true false 8000 Text 0 0,First,#,D:\Teaching_Clark\GitRepo\Spring2025\large_file\Statistics\Lab\Lab05\lab05_ArcGISPro\lab05_ArcGISPro.gdb\Traffic_Accident_XYTableToPoint,BelowFreeze,0,7999;Fog "Fog" true true false 8000 Text 0 0,First,#,D:\Teaching_Clark\GitRepo\Spring2025\large_file\Statistics\Lab\Lab05\lab05_ArcGISPro\lab05_ArcGISPro.gdb\Traffic_Accident_XYTableToPoint,Fog,0,7999;Thunder "Thunder" true true false 8000 Text 0 0,First,#,D:\Teaching_Clark\GitRepo\Spring2025\large_file\Statistics\Lab\Lab05\lab05_ArcGISPro\lab05_ArcGISPro.gdb\Traffic_Accident_XYTableToPoint,Thunder,0,7999;FrozenPrec "FrozenPrec" true true false 8000 Text 0 0,First,#,D:\Teaching_Clark\GitRepo\Spring2025\large_file\Statistics\Lab\Lab05\lab05_ArcGISPro\lab05_ArcGISPro.gdb\Traffic_Accident_XYTableToPoint,FrozenPrec,0,7999" #</Process></lineage><itemProps><itemName Sync="TRUE">Accident_data</itemName><imsContentType Sync="TRUE">002</imsContentType><itemSize Sync="TRUE">0.000</itemSize><itemLocation><linkage Sync="TRUE">file://\\YANAN-DELL-WORK\D$\Teaching_Clark\GitRepo\Spring2025\large_file\Statistics\Lab\Lab05\Accident_data.shp</linkage><protocol Sync="TRUE">Local Area Network</protocol></itemLocation></itemProps><coordRef><type Sync="TRUE">Projected</type><geogcsn Sync="TRUE">GCS_North_American_1983</geogcsn><csUnits Sync="TRUE">Linear Unit: Meter (1.000000)</csUnits><projcsn Sync="TRUE">Lambert_Conformal_Conic</projcsn><peXml Sync="TRUE">&lt;ProjectedCoordinateSystem xsi:type='typens:ProjectedCoordinateSystem' xmlns:xsi='http://www.w3.org/2001/XMLSchema-instance' xmlns:xs='http://www.w3.org/2001/XMLSchema' xmlns:typens='http://www.esri.com/schemas/ArcGIS/3.3.0'&gt;&lt;WKT&gt;PROJCS[&amp;quot;Lambert_Conformal_Conic&amp;quot;,GEOGCS[&amp;quot;GCS_North_American_1983&amp;quot;,DATUM[&amp;quot;D_North_American_1983&amp;quot;,SPHEROID[&amp;quot;GRS_1980&amp;quot;,6378137.0,298.257222101]],PRIMEM[&amp;quot;Greenwich&amp;quot;,0.0],UNIT[&amp;quot;Degree&amp;quot;,0.0174532925199433]],PROJECTION[&amp;quot;Lambert_Conformal_Conic&amp;quot;],PARAMETER[&amp;quot;false_easting&amp;quot;,600000.0],PARAMETER[&amp;quot;false_northing&amp;quot;,2000000.0],PARAMETER[&amp;quot;central_meridian&amp;quot;,-98.5],PARAMETER[&amp;quot;standard_parallel_1&amp;quot;,32.13333333333333],PARAMETER[&amp;quot;standard_parallel_2&amp;quot;,33.96666666666667],PARAMETER[&amp;quot;latitude_of_origin&amp;quot;,31.66666666666667],UNIT[&amp;quot;Meter&amp;quot;,1.0]]&lt;/WKT&gt;&lt;XOrigin&gt;-37614800&lt;/XOrigin&gt;&lt;YOrigin&gt;-26250500&lt;/YOrigin&gt;&lt;XYScale&gt;117849619.1886519&lt;/XYScale&gt;&lt;ZOrigin&gt;-100000&lt;/ZOrigin&gt;&lt;ZScale&gt;10000&lt;/ZScale&gt;&lt;MOrigin&gt;-100000&lt;/MOrigin&gt;&lt;MScale&gt;10000&lt;/MScale&gt;&lt;XYTolerance&gt;0.001&lt;/XYTolerance&gt;&lt;ZTolerance&gt;0.001&lt;/ZTolerance&gt;&lt;MTolerance&gt;0.001&lt;/MTolerance&gt;&lt;HighPrecision&gt;true&lt;/HighPrecision&gt;&lt;/ProjectedCoordinateSystem&gt;</peXml></coordRef></DataProperties><SyncDate>20250306</SyncDate><SyncTime>16361400</SyncTime><ModDate>20250306</ModDate><ModTime>16361400</ModTime></Esri><dataIdInfo><envirDesc Sync="TRUE">Microsoft Windows 10 Version 10.0 (Build 22631) ; Esri ArcGIS 13.3.0.52636</envirDesc><dataLang><languageCode value="eng" Sync="TRUE"></languageCode><countryCode value="USA" Sync="TRUE"></countryCode></dataLang><idCitation><resTitle Sync="TRUE">Accident_data</resTitle><presForm><PresFormCd value="005" Sync="TRUE"></PresFormCd></presForm></idCitation><spatRpType><SpatRepTypCd value="001" Sync="TRUE"></SpatRepTypCd></spatRpType></dataIdInfo><mdLang><languageCode value="eng" Sync="TRUE"></languageCode><countryCode value="USA" Sync="TRUE"></countryCode></mdLang><distInfo><distFormat><formatName Sync="TRUE">Shapefile</formatName></distFormat><distTranOps><transSize Sync="TRUE">0.000</transSize></distTranOps></distInfo><mdHrLv><ScopeCd value="005" Sync="TRUE"></ScopeCd></mdHrLv><mdHrLvName Sync="TRUE">dataset</mdHrLvName><refSysInfo><RefSystem><refSysID><identCode code="0" Sync="TRUE"></identCode></refSysID></RefSystem></refSysInfo><spatRepInfo><VectSpatRep><geometObjs Name="Accident_data"><geoObjTyp><GeoObjTypCd value="004" Sync="TRUE"></GeoObjTypCd></geoObjTyp><geoObjCnt Sync="TRUE">0</geoObjCnt></geometObjs><topLvl><TopoLevCd value="001" Sync="TRUE"></TopoLevCd></topLvl></VectSpatRep></spatRepInfo><spdoinfo><ptvctinf><esriterm Name="Accident_data"><efeatyp Sync="TRUE">Simple</efeatyp><efeageom code="1" Sync="TRUE"></efeageom><esritopo Sync="TRUE">FALSE</esritopo><efeacnt Sync="TRUE">0</efeacnt><spindex Sync="TRUE">FALSE</spindex><linrefer Sync="TRUE">FALSE</linrefer></esriterm></ptvctinf></spdoinfo><eainfo><detailed Name="Accident_data"><enttyp><enttypl Sync="TRUE">Accident_data</enttypl><enttypt Sync="TRUE">Feature Class</enttypt><enttypc Sync="TRUE">0</enttypc></enttyp><attr><attrlabl Sync="TRUE">FID</attrlabl><attalias Sync="TRUE">FID</attalias><attrtype Sync="TRUE">OID</attrtype><attwidth Sync="TRUE">4</attwidth><atprecis Sync="TRUE">0</atprecis><attscale Sync="TRUE">0</attscale><attrdef Sync="TRUE">Internal feature number.</attrdef><attrdefs Sync="TRUE">Esri</attrdefs><attrdomv><udom Sync="TRUE">Sequential unique whole numbers that are automatically generated.</udom></attrdomv></attr><attr><attrlabl Sync="TRUE">Shape</attrlabl><attalias Sync="TRUE">Shape</attalias><attrtype Sync="TRUE">Geometry</attrtype><attwidth Sync="TRUE">0</attwidth><atprecis Sync="TRUE">0</atprecis><attscale Sync="TRUE">0</attscale><attrdef Sync="TRUE">Feature geometry.</attrdef><attrdefs Sync="TRUE">Esri</attrdefs><attrdomv><udom Sync="TRUE">Coordinates defining the features.</udom></attrdomv></attr><attr><attrlabl Sync="TRUE">id</attrlabl><attalias Sync="TRUE">id</attalias><attrtype Sync="TRUE">Integer</attrtype><attwidth Sync="TRUE">10</attwidth><atprecis Sync="TRUE">10</atprecis><attscale Sync="TRUE">0</attscale></attr><attr><attrlabl Sync="TRUE">date</attrlabl><attalias Sync="TRUE">date</attalias><attrtype Sync="TRUE">Date</attrtype><attwidth Sync="TRUE">8</attwidth><atprecis Sync="TRUE">0</atprecis><attscale Sync="TRUE">0</attscale></attr><attr><attrlabl Sync="TRUE">accident</attrlabl><attalias Sync="TRUE">accident</attalias><attrtype Sync="TRUE">Integer</attrtype><attwidth Sync="TRUE">10</attwidth><atprecis Sync="TRUE">10</atprecis><attscale Sync="TRUE">0</attscale></attr><attr><attrlabl Sync="TRUE">hour</attrlabl><attalias Sync="TRUE">hour</attalias><attrtype Sync="TRUE">Integer</attrtype><attwidth Sync="TRUE">10</attwidth><atprecis Sync="TRUE">10</atprecis><attscale Sync="TRUE">0</attscale></attr><attr><attrlabl Sync="TRUE">day</attrlabl><attalias Sync="TRUE">day</attalias><attrtype Sync="TRUE">String</attrtype><attwidth Sync="TRUE">254</attwidth><atprecis Sync="TRUE">0</atprecis><attscale Sync="TRUE">0</attscale></attr><attr><attrlabl Sync="TRUE">NACH_LEN_r</attrlabl><attalias Sync="TRUE">NACH_LEN_r</attalias><attrtype Sync="TRUE">Double</attrtype><attwidth Sync="TRUE">19</attwidth><atprecis Sync="TRUE">0</atprecis><attscale Sync="TRUE">0</attscale></attr><attr><attrlabl Sync="TRUE">NAIN_LEN_r</attrlabl><attalias Sync="TRUE">NAIN_LEN_r</attalias><attrtype Sync="TRUE">Double</attrtype><attwidth Sync="TRUE">19</attwidth><atprecis Sync="TRUE">0</atprecis><attscale Sync="TRUE">0</attscale></attr><attr><attrlabl Sync="TRUE">F_SYSTEM</attrlabl><attalias Sync="TRUE">F_SYSTEM</attalias><attrtype Sync="TRUE">Integer</attrtype><attwidth Sync="TRUE">10</attwidth><atprecis Sync="TRUE">10</atprecis><attscale Sync="TRUE">0</attscale></attr><attr><attrlabl Sync="TRUE">road_type</attrlabl><attalias Sync="TRUE">road_type</attalias><attrtype Sync="TRUE">String</attrtype><attwidth Sync="TRUE">254</attwidth><atprecis Sync="TRUE">0</atprecis><attscale Sync="TRUE">0</attscale></attr><attr><attrlabl Sync="TRUE">intersect</attrlabl><attalias Sync="TRUE">intersect</attalias><attrtype Sync="TRUE">String</attrtype><attwidth Sync="TRUE">254</attwidth><atprecis Sync="TRUE">0</atprecis><attscale Sync="TRUE">0</attscale></attr><attr><attrlabl Sync="TRUE">NUM_LANES</attrlabl><attalias Sync="TRUE">NUM_LANES</attalias><attrtype Sync="TRUE">Integer</attrtype><attwidth Sync="TRUE">10</attwidth><atprecis Sync="TRUE">10</atprecis><attscale Sync="TRUE">0</attscale></attr><attr><attrlabl Sync="TRUE">POINT_X</attrlabl><attalias Sync="TRUE">POINT_X</attalias><attrtype Sync="TRUE">Double</attrtype><attwidth Sync="TRUE">19</attwidth><atprecis Sync="TRUE">0</atprecis><attscale Sync="TRUE">0</attscale></attr><attr><attrlabl Sync="TRUE">POINT_Y</attrlabl><attalias Sync="TRUE">POINT_Y</attalias><attrtype Sync="TRUE">Double</attrtype><attwidth Sync="TRUE">19</attwidth><atprecis Sync="TRUE">0</atprecis><attscale Sync="TRUE">0</attscale></attr><attr><attrlabl Sync="TRUE">hr</attrlabl><attalias Sync="TRUE">hr</attalias><attrtype Sync="TRUE">Integer</attrtype><attwidth Sync="TRUE">10</attwidth><atprecis Sync="TRUE">10</atprecis><attscale Sync="TRUE">0</attscale></attr><attr><attrlabl Sync="TRUE">lane_width</attrlabl><attalias Sync="TRUE">lane_width</attalias><attrtype Sync="TRUE">Integer</attrtype><attwidth Sync="TRUE">10</attwidth><atprecis Sync="TRUE">10</atprecis><attscale Sync="TRUE">0</attscale></attr><attr><attrlabl Sync="TRUE">PRCP</attrlabl><attalias Sync="TRUE">PRCP</attalias><attrtype Sync="TRUE">Double</attrtype><attwidth Sync="TRUE">19</attwidth><atprecis Sync="TRUE">0</atprecis><attscale Sync="TRUE">0</attscale></attr><attr><attrlabl Sync="TRUE">TAVG</attrlabl><attalias Sync="TRUE">TAVG</attalias><attrtype Sync="TRUE">Double</attrtype><attwidth Sync="TRUE">19</attwidth><atprecis Sync="TRUE">0</atprecis><attscale Sync="TRUE">0</attscale></attr><attr><attrlabl Sync="TRUE">TMAX</attrlabl><attalias Sync="TRUE">TMAX</attalias><attrtype Sync="TRUE">Double</attrtype><attwidth Sync="TRUE">19</attwidth><atprecis Sync="TRUE">0</atprecis><attscale Sync="TRUE">0</attscale></attr><attr><attrlabl Sync="TRUE">TMIN</attrlabl><attalias Sync="TRUE">TMIN</attalias><attrtype Sync="TRUE">Double</attrtype><attwidth Sync="TRUE">19</attwidth><atprecis Sync="TRUE">0</atprecis><attscale Sync="TRUE">0</attscale></attr><attr><attrlabl Sync="TRUE">BelowFreez</attrlabl><attalias Sync="TRUE">BelowFreez</attalias><attrtype Sync="TRUE">String</attrtype><attwidth Sync="TRUE">254</attwidth><atprecis Sync="TRUE">0</atprecis><attscale Sync="TRUE">0</attscale></attr><attr><attrlabl Sync="TRUE">Fog</attrlabl><attalias Sync="TRUE">Fog</attalias><attrtype Sync="TRUE">String</attrtype><attwidth Sync="TRUE">254</attwidth><atprecis Sync="TRUE">0</atprecis><attscale Sync="TRUE">0</attscale></attr><attr><attrlabl Sync="TRUE">Thunder</attrlabl><attalias Sync="TRUE">Thunder</attalias><attrtype Sync="TRUE">String</attrtype><attwidth Sync="TRUE">254</attwidth><atprecis Sync="TRUE">0</atprecis><attscale Sync="TRUE">0</attscale></attr><attr><attrlabl Sync="TRUE">FrozenPrec</attrlabl><attalias Sync="TRUE">FrozenPrec</attalias><attrtype Sync="TRUE">String</attrtype><attwidth Sync="TRUE">254</attwidth><atprecis Sync="TRUE">0</atprecis><attscale Sync="TRUE">0</attscale></attr></detailed></eainfo><mdDateSt Sync="TRUE">20250306</mdDateSt></metadata>
